main.py,6E998725B1E41D52B98B353D42E2B8CF0BCB675C95999E2EA1D1DD3CF7397AAB,181764
uiverse_combobox.py,797731542B167E2FB19A23FE3148F107B6CDB82098FE50C987BC08319BAAA81F,33753
webview_app\backend_api.py,CB3F2B71452C24D56E526F887D49F190DC4851566F1DB4BC38A1234782775BE4,45473
webview_app\launcher.py,CB6D16864CFC093C77FA9ADB99867C6ACC40788EB183A0452F8178D4160DBEBA,10815
webview_app\platform_check.py,353B2B164B0DC6F67764A55F8233BA8EEE19537C552F7C37E4D081E24EAAD966,5815
webview_app\splash.html,4D00B04F040EF3B5599F8BF5A00DEE100260173C5209C21F5FC310AF953AFBC5,2574
webview_app\app_entry.py,D21AEDC737C0B17A06C43A7FA7318945A5D03316D292420B1E1E0918188B1744,1488
webview_app\webview_main.py,C393CA685A56E863974CF8AD1A83C3680DF8BDD1493FE01FFCE04CFD6AAA783E,13211
webview_app\frontend\index.html,ACC8F017347DEEAEA632A6F1EE2A615B38C9F0EA93070702AD0C142B5F431627,19653
webview_app\frontend\js\app.js,1C75694EDB2396A8087C9B93CCDBC4513F786A3B99E882326E434595DC586B7B,58046
webview_app\frontend\js\theme.js,6BA158BC78BA69A29EDA73CA1189BFD7A9FCFC6AE65593E1F3E0DA1BB69C708E,1819
webview_app\frontend\css\components.css,8C4AD305030B64171EF48EEEF2BCA51F9AF6C86E37A1798D6FF98B4BA796313D,27932
webview_app\frontend\css\layout.css,8B3D6AB6296BD9D1586F5578255DA042E2483B79516275FA46E423AD44AD822E,5795
webview_app\frontend\css\skins.css,AF631B3E8EF2383BE94AFFD5C3F61CE019B6623B088F4D0BB100640A9E75D267,9811
webview_app\frontend\css\theme.css,31EEA469D927DB1F8D706A0305A37433D62AF67C6DF4D1DAA040572FD6229277,1462
PrayerMusicGuard.spec,564D9A446E198C33ADDC5AA6CBD6D4215B367F94A0226FF16BF22B0EBD3AC728,2668
